<?xml version="1.0" encoding="UTF-8"?>
<c3p0-config>
		<named-config name="dbInfo">
		<!-- 配置用户名、密码、连接、驱动 -->
        <property name="user">root</property>
        <property name="password">19930926</property>
        <property name="jdbcUrl">jdbc:mysql://localhost/sh_books</property>
        <property name="driverClass">com.mysql.jdbc.Driver</property>
		<!-- 数据库连接池一次向数据库服务器要多少个连接 -->
        <property name="acquireIncrement">10</property>
		<!-- 初始化连接数 -->
        <property name="initialPoolSize">10</property>
		<!-- 最小连接数 -->
        <property name="minPoolSize">10</property>
		<!-- 最大连接数 -->
        <property name="maxPoolSize">20</property>
		<!-- 数据库连接池能维护的最多的Statement的数量 -->
        <property name="maxStatements">100</property>
		<!-- 每个数据库连接可以创建多少个Statement -->
        <property name="maxStatementsPerConnection">20</property>
	</named-config>
</c3p0-config>

